code,name,level,gpt-4o-mini_prompt_v1,gpt-4o-mini_prompt_v2,gpt-4o_prompt_v1,gpt-4o_prompt_v2
43000000,"Tecnologia de la Informacion, Telecomunicaciones y Difusion (Division 43)",DIVISION,"tecnología, telecomunicaciones, difusión, servicios de TI, informática, tecnología de la información, telecomunicaciones y difusión","tecnología, telecomunicaciones, difusión, IT, informática","TI, telecomunicaciones, difusión, tecnología, informática, sistemas, comunicaciones","tecnologia, telecomunicaciones, difusion, TI, IT"
56000000,Muebles y Mobiliario (Division 56),DIVISION,"muebles, mobiliario, decoración, artículos de oficina, muebles de casa, mobiliario comercial, muebles y accesorios","muebles, mobiliario, sillas, mesas, decoración","mobiliario, muebles, equipamiento, decoración, amueblado, interiorismo, enseres","muebles, mobiliario, muebles oficina, muebles hogar, mobiliario comercial"
43210000,Equipo informático y accesorios y relacionados (Grupo 4321),GROUP,"equipo de cómputo, accesorios de computadora, hardware, tecnología informática, dispositivos informáticos, equipo tecnológico","computadora, equipo de cómputo, accesorios, hardware","hardware, accesorios de cómputo, periféricos, equipo de TI, componentes, gadgets, dispositivos","equipo informatico, accesorios compu, hardware, perifericos, componentes PC"
50200000,Bebidas y relacionados (Grupo 5020),GROUP,"bebidas, bebidas no alcohólicas, refrescos, jugos, productos de bebidas, bebidas y alimentos","bebidas, refrescos, cervezas, jugos, alcohol","bebidas, refrescos, líquidos, jugos, bebidas embotelladas, bebidas preparadas, bebidas enlatadas","bebidas, refrescos, jugos, bebidas alcoholicas, bebidas energeticas"
43211500,Computadores,CLASS,"computadoras, PC, ordenadores, equipos de cómputo, sistemas informáticos, computadoras personales","computadora, PC, desktop, equipo de cómputo","ordenadores, computadoras, PCs, equipos de cómputo, máquinas, laptops, desktops","computadoras, compus, PCs, ordenadores, laptops"
43211700,Dispositivos de almacenamiento,CLASS,"almacenamiento, discos duros, unidades de almacenamiento, memoria externa, dispositivos de memoria, almacenamiento digital","disco duro, memoria, almacenamiento, USB","almacenamiento, discos duros, SSD, memorias, pendrives, unidades de almacenamiento, dispositivos de memoria","almacenamiento, discos duros, USB, SSD, tarjetas memoria"
50202300,Bebidas alcoholicas,CLASS,"bebidas alcohólicas, licores, cervezas, vinos, destilados, bebidas espirituosas","cerveza, vino, tequila, licor, bebidas alcohólicas","licores, vinos, cervezas, destilados, espirituosos, tragos, bebidas embriagantes","alcohol, chelas, vinos, licores, cervezas"
80141600,Actividades de ventas y promocion de negocios,CLASS,"ventas, promoción, mercadeo, publicidad, actividades comerciales, estrategias de ventas","ventas, promoción, mercadeo, publicidad, distribución","marketing, promoción, ventas, publicidad, campañas, mercadotecnia, estrategias de ventas","ventas, promocion, marketing, publicidad, mercadeo"
43211501,Computadores de tableta,PRODUCT,"tabletas, computadoras portátiles, dispositivos tablet, tabletas electrónicas, tablets, computadoras táctiles","tablet, iPad, computadora portátil, dispositivo móvil","tabletas, tablets, iPads, dispositivos móviles, computadoras portátiles, dispositivos táctiles, equipos de mano","tabletas, tablets, iPad, Galaxy Tab, dispositivos tactiles"
43211503,Computadores notebook,PRODUCT,"notebooks, laptops, computadoras portátiles, equipos móviles, ordenadores portátiles, computadoras ligeras","notebook, laptop, computadora portátil, equipo móvil","laptops, portátiles, notebooks, computadoras portátiles, ultrabooks, equipos móviles, ordenadores portátiles","notebooks, laptops, portatiles, ultrabooks, MacBook"
43211507,Computadores de escritorio,PRODUCT,"computadora de escritorio, PC de escritorio, desktop, computadora fija, equipo de cómputo de escritorio","compu, computadora de escritorio, desktop, pc, computadora fija","PC de escritorio, computadora de mesa, desktop, ordenador de escritorio, equipo de escritorio","computadora de escritorio, pc de escritorio, desktop, compu de escritorio, equipo de escritorio"
43211509,Servidores de computador,PRODUCT,"servidor, servidor de computadora, servidor físico, equipo de servidor, máquina de servidor","servidor, servidor de computadora, servidor físico, server","servidor de red, servidor informático, server, equipo servidor, servidor de datos","servidor, servidor de red, servidor de datos, server, equipo servidor"
81111812,Servicio de mantenimiento o soporte del hardware del computador,PRODUCT,"mantenimiento de hardware, soporte técnico de hardware, servicio técnico de computadoras, reparación de hardware, asistencia técnica de hardware","mto. hardware, soporte técnico, servicio de mantenimiento, reparación de compus, soporte de pc","mantenimiento de hardware, soporte técnico de hardware, servicio técnico de computadoras, reparación de hardware, asistencia técnica de equipos","mantenimiento de hardware, soporte de hardware, mto. de compu, svc. de hardware, reparacion de computadora"
81112502,Servicio de arriendo o leasing de software de computadores,PRODUCT,"arriendo de software, leasing de software, alquiler de software, renta de software, servicio de arrendamiento de software","arriendo de software, leasing de software, renta de software, servicio de software","leasing de software, renta de software, alquiler de licencias, arrendamiento de programas, suscripción de software","leasing de software, renta de software, arrendamiento de software, alquiler de licencias, suscripcion de software"
44103108,Reveladores para impresoras o fotocopiadoras,PRODUCT,"tóner para impresoras, cartuchos para impresoras, suministros de impresión, revelador para fotocopiadoras, consumibles para impresoras","tóner, cartucho, revelador, suministros de impresora","toner, cartucho de revelado, suministros de impresora, revelador de tinta, consumibles de impresora","revelador de impresora, revelador de copiadora, toner revelador, polvo revelador, insumo de impresora"
50202301,Cerveza,PRODUCT,"cerveza artesanal, cerveza lager, cerveza clara, bebida alcohólica, chela","chela, cerveza, cerveza artesanal, bebida alcohólica","chela, cerveza artesanal, birra, bebida de cebada, lager, pilsner","chela, cerveza artesanal, cerveza comercial, birra, bebida de cebada"
50202302,Vino,PRODUCT,"vino tinto, vino blanco, vino rosado, bebida alcohólica, vino de mesa","vino, vino tinto, vino blanco, bebida alcohólica","vino tinto, vino blanco, vino rosado, tinto, blanco, rosado","vino tinto, vino blanco, vino rosado, bebida de uva, vino espumoso"
50201700,Cafe y te,PRODUCT,"café, té, infusiones, bebida caliente, bebida no alcohólica","café, té, bebida caliente, infusión","infusiones, té, café molido, café en grano, bebidas calientes","cafe, te, infusiones, bebida caliente, cafe molido"
80141701,Servicios de venta directa,PRODUCT,"venta directa, venta al por menor, distribución directa, comercialización directa, venta sin intermediarios","venta directa, venta al público, distribución directa, servicio de ventas","venta puerta a puerta, venta por catálogo, venta directa al consumidor, venta personalizada, distribución directa","venta directa, ventas personales, distribucion directa, comercializacion directa, venta puerta a puerta"
81161704,Servicio de soporte para telefonia movil,PRODUCT,"soporte técnico de telefonía móvil, asistencia técnica de celulares, servicio de reparación de móviles, mantenimiento de telefonía móvil, servicio de soporte para smartphones","soporte celular, servicio de telefonía, mto. telefonía móvil, soporte de cel","soporte celular, asistencia para móviles, servicio técnico de telefonía, atención a clientes móviles, soporte de smartphones","soporte de celular, soporte de telefonia, asistencia para celular, svc. de telefonia, mto. de celular"
